Window_Start,Successful_Login_Count,Failed_Login_Count,Process_Creation_Count,Privileged_Login_Count,Logoff_Count,Credential_Login_Count,Kerberos_TGT_Count,Kerberos_Service_Count,Credential_Validation_Count,File_Created_Count,File_Modified_Count,File_Deleted_Count,File_Renamed_Count,Process_Closed_Count,Active_Window_Change_Count,Total_Events,Login_Hour,After_Office_Hours,Risk_Label
2026-07-26 18:40:00,0,0,22,0,0,0,0,0,0,0,0,0,0,20,0,43,18,1,
2026-07-26 18:45:00,0,0,27,0,0,0,0,0,0,14,28,14,0,22,0,105,18,1,
2026-07-26 18:50:00,0,0,5,0,0,0,0,0,0,9,18,8,0,8,0,48,18,1,
2026-07-26 18:55:00,0,0,11,0,0,0,0,0,0,0,0,0,0,12,0,23,18,1,
2026-07-26 19:00:00,0,0,11,0,0,0,0,0,0,0,1,0,0,8,0,20,19,1,
2026-07-26 19:05:00,0,0,4,0,0,0,0,0,0,1,3,1,1,8,0,18,19,1,
2026-07-26 19:15:00,0,0,4,0,0,0,0,0,0,4,7,4,0,5,0,24,19,1,
2026-07-26 19:20:00,0,0,32,0,0,0,0,0,0,2,25,2,0,30,0,91,19,1,
2026-07-26 19:25:00,0,0,26,0,0,0,0,0,0,0,0,0,0,23,0,49,19,1,
2026-07-26 19:50:00,0,0,0,0,0,0,0,0,0,0,33,0,0,0,0,33,19,1,
2026-07-26 20:00:00,0,0,9,0,0,0,0,0,0,1,15,0,1,8,0,34,20,1,
2026-07-26 20:05:00,0,0,7,0,0,0,0,0,0,0,1,1,0,7,3,19,20,1,
2026-07-26 20:10:00,0,0,1,0,0,0,0,0,0,0,0,0,0,2,4,7,20,1,
2026-07-26 20:15:00,0,0,20,0,0,0,0,0,0,0,0,0,0,23,14,57,20,1,
2026-07-26 20:20:00,0,0,11,0,0,0,0,0,0,0,0,0,0,9,20,40,20,1,
2026-07-26 20:25:00,0,0,11,0,0,0,0,0,0,0,0,0,0,12,19,42,20,1,
2026-07-26 20:30:00,0,0,1,0,0,0,0,0,0,0,0,0,0,0,2,3,20,1,
2026-07-26 20:55:00,0,0,22,0,0,0,0,0,0,1,0,0,0,21,18,62,20,1,
2026-07-26 21:00:00,0,0,23,0,0,0,0,0,0,0,1,0,0,23,10,57,21,1,
2026-07-26 21:05:00,0,0,14,0,0,0,0,0,0,0,0,0,0,17,17,48,21,1,
2026-08-11 21:55:00,0,0,33,0,0,0,0,0,0,0,2,0,31,34,35,135,21,1,
2026-08-11 22:00:00,0,0,21,0,0,0,0,0,0,0,42,2,2,27,18,112,22,1,
2026-08-11 22:05:00,0,0,0,0,0,0,0,0,0,0,0,0,0,15,7,22,22,1,
2026-08-12 17:35:00,0,0,45,0,0,0,0,0,0,0,0,0,0,39,18,102,17,0,
2026-08-12 17:40:00,0,0,37,0,0,0,0,0,0,0,4,0,7,33,3,84,17,0,
2026-08-12 18:00:00,0,0,14,0,0,0,0,0,0,1,24,0,1,17,14,71,18,1,
2026-08-12 18:05:00,0,0,68,0,0,0,0,0,0,0,5,1,0,68,17,159,18,1,
2026-08-12 18:10:00,0,0,15,0,0,0,0,0,0,0,0,0,0,8,5,28,18,1,
2026-08-12 18:15:00,0,0,46,0,0,0,0,0,0,1,1,1,1,45,14,109,18,1,
2026-08-12 18:20:00,0,0,12,0,0,0,0,0,0,0,0,0,0,10,12,34,18,1,
2026-08-12 18:25:00,0,0,12,0,0,0,0,0,0,1,3,2,0,11,9,38,18,1,
2026-08-12 20:35:00,0,0,8,0,0,0,0,0,0,0,0,0,0,0,0,8,20,1,
2026-08-12 20:40:00,0,0,8,0,0,0,0,0,0,0,0,0,0,0,0,8,20,1,
2026-08-12 20:45:00,0,0,28,1,0,0,0,0,0,0,0,0,0,0,0,29,20,1,
2026-08-13 11:15:00,0,0,155,0,0,0,0,0,0,0,19,1,1,138,23,337,11,0,
2026-08-13 11:20:00,0,0,113,0,0,0,0,0,0,1,25,2,1,123,26,291,11,0,
2026-08-13 11:25:00,0,0,102,0,0,0,0,0,0,0,2,0,0,109,15,228,11,0,
2026-08-13 11:30:00,0,0,80,0,0,0,0,0,0,0,0,0,0,90,6,176,11,0,
2026-08-13 11:35:00,0,0,48,0,0,0,0,0,0,0,0,0,0,38,31,117,11,0,
2026-08-13 11:40:00,0,0,21,0,0,0,0,0,0,0,0,0,0,25,4,50,11,0,
2026-08-13 16:40:00,0,0,49,0,0,0,0,0,0,0,45,1,18,36,26,175,16,0,
2026-08-13 16:45:00,0,0,0,0,0,0,0,0,0,0,0,0,0,1,3,4,16,0,
2026-08-13 17:10:00,0,0,12,0,0,0,0,0,0,0,0,0,0,0,0,12,17,0,
